temperature,vibration,pressure,rpm,failure
79.96714153011233,0.7798710873172005,26.62410862512809,1118.438488424522,0
73.61735698828815,0.6849267365825538,29.27740664642241,1327.9229978440997,0
81.47688538100692,0.5119260739840348,26.037900395000193,1417.2788933156712,0
90.23029856408026,0.3706126444588852,28.4601923518048,1877.5375314680382,1
72.65846625276664,0.639644662722718,20.531926665231072,1611.3106249067516,0
72.6586304305082,0.5786970770843499,31.066468536864694,1232.9036861800219,0
90.79212815507391,0.6790386440055465,30.006027376811122,1597.2072578835273,0
82.67434729152909,0.6270343603363939,25.914556844659046,1190.539202212327,0
70.30525614065049,0.709910543063867,33.296228342162024,1716.5382107774146,0
80.42560043585965,0.3929529576878864,34.68785068813279,1405.7750696364242,0
70.36582307187538,0.7634788131268652,21.962200678155128,1481.2727622521659,0
70.34270246429743,0.5395199209384799,26.18637610716893,1765.159329508438,0
77.41962271566034,0.915052174525053,26.15428825106351,1242.56728628315,0
55.86719755342202,0.36216243638208645,25.300484494455677,1220.5763629774017,0
57.75082167486967,0.8471927606330498,34.14737420965874,1383.280134730799,0
69.37712470759027,0.5395821566925295,29.030869306135983,1707.6757702038633,0
64.87168879665576,0.3697163992771103,28.677425793446947,1196.1307849046316,0
78.14247332595274,0.40322283318913565,19.980688177966233,933.5688803778862,0
65.91975924478788,0.43593053836113593,33.17709015104613,1409.7682283182003,0
60.87696298664709,0.5848331892803833,23.80370802573264,1610.3481599821841,0
89.65648768921554,0.6045670976070999,30.299663151331643,1740.0523499477658,1
72.74223699513465,0.3852599992122842,31.386884689790957,1407.3677275829202,0
75.67528204687923,0.49512908154780344,36.80329297919326,1417.7146785767995,0
60.75251813786544,0.9284540717223728,23.45589800440444,1730.7801468511495,1
69.55617275474818,0.8455086340201423,14.902439220895873,1126.0516600609158,1
76.10922589709867,0.5872647339348064,30.919247723768475,1422.2958449633982,0
63.490064225776976,0.5076006956336401,39.00255590755427,1538.0847779850114,0
78.75698018345672,0.5240062653436522,36.19473176469719,1589.8437442570068,0
68.99361310081196,0.6227035945460834,31.048297076373128,1398.0386613618234,0
72.08306250206724,0.2954414869603189,27.541819071839765,1506.8882023411684,0
68.98293387770603,0.448524692515331,34.03561298318655,1002.334529317402,0
93.52278184508938,0.1662831852244821,25.132269001477656,1368.3503175332303,0
74.86502775262066,0.5798446245210559,32.3817888467811,1590.7017425108934,0
64.422890710441,0.6294391879405482,32.52735079583314,1303.5411931490642,0
83.22544912103189,0.4033627075401252,35.3010495374944,1511.7968443179195,0
62.791563500289776,0.8147973526580066,43.79830019455539,1589.3745001605396,0
77.08863595004756,0.2548468673995318,31.962079835893835,1431.490159828447,0
55.403298761202244,0.20712502395803595,27.455181871462507,1534.0927541993142,0
61.71813951101569,0.5448903637119944,29.87212843904003,1307.4534869430775,0
76.96861235869123,0.7094196605224309,21.15462047555441,1458.6777440607907,0
82.3846657999541,0.8367855382915738,26.52643434455471,1622.0432339178444,0
76.7136828118997,0.408223147426212,27.95358780943448,1531.3945921936868,0
73.8435171761176,0.7157361666862592,27.379558010327038,1382.693746087213,0
71.98896304410711,0.4922983060998586,30.76177436016861,1544.8432808581586,0
60.214780096325725,0.4654745400118361,25.887900338088997,1642.9219581273237,0
67.80155791605291,0.6767319874973345,35.60515333662236,1090.0117442845044,0
70.39361229040213,0.6304645756826839,30.001035324590987,1731.8148129911795,0
85.57122226218915,0.1847215686031501,29.953498394306926,1432.7490522637856,0
78.43618289568461,0.7953080699451791,28.36052641743541,1585.0979866480461,0
57.36959844637266,0.7760182708294903,30.775953419294897,1739.4493847290455,0
78.24083969394795,0.3748874596980941,34.125491323338174,1225.6652605539068,0
71.14917719583684,0.5791607066874818,25.664348921445498,1358.1117995144907,0
68.23077999694041,0.5988060372565478,26.709417554623716,1442.290260824859,0
81.11676288840867,0.5521347531647814,28.481369856116675,1343.2492957751144,0
85.30999522495951,0.389938969230916,23.270645382633926,1846.9873151673617,1
84.31280119116198,0.36567532641238965,25.903710701392512,1328.6455812346414,0
66.60782476777362,0.49488918580171093,27.618895632276704,1388.8906441026268,0
71.90787624148786,0.734545803851873,34.371945903563635,1540.8778063205953,0
78.31263431403563,0.6087200309188865,31.312806645009626,1259.5700947847822,0
84.75545127122359,0.4258771335827788,30.967949556837723,1420.8638576487472,0
70.2082576215471,0.6543397421296689,34.25448981083986,1563.490652250035,0
73.14341023336183,-0.06970852412601514,29.313141058003016,1433.4279191234978,0
63.93665025993972,0.7297531400744207,31.952324249644448,1481.3226282200103,0
63.037933759193294,0.15205724424438005,29.48389123533752,1394.1335775103257,0
83.12525822394198,0.4275118117193736,31.326811746998143,1197.1059381638465,0
88.56240028570824,0.2760660210747712,27.08620671194209,1564.3186422678477,0
74.27989878419666,0.24106370485581885,17.805914208617857,1850.9866143294482,1
85.03532897892023,0.7321653574757039,29.32860418906848,1503.6803261566877,0
78.61636025047635,0.4064597597376217,37.1137406804997,1545.05282344951,0
68.54880245394875,0.5693007763461432,34.631077011207964,1638.544551023372,0
78.61395605508415,0.4906158842241632,34.82698742295585,1246.13390069066,0
90.38036566465969,0.5954081654446243,36.18065360903109,1840.502931625921,1
74.64173960890048,0.515364378212051,30.443287954807186,1540.4657592845604,0
90.64643655814007,0.24340155516228607,30.986578537027977,1826.371379817822,1
48.80254895910255,0.699253363889428,26.91174052282825,1353.3934008952021,0
83.21902504375224,0.4012486833677375,28.41963571986475,1863.6123845115649,0
75.87047068238171,0.18868362026804975,33.07885574885571,1655.0310988069566,0
72.00992649534132,0.4143769678068175,36.01942218584408,1610.6080171704716,0
75.91760776535503,0.8001519581268621,29.302768621595003,1546.8048908706296,0
55.124310853991076,0.6700443484226986,27.749053675742942,1450.2942763851102,0
72.80328112162488,0.4302695731184282,30.002639794282988,1740.1063316947746,0
78.57112571511746,0.4301484591363142,33.00603374464558,1528.0719739696094,0
89.77894044741517,0.43567298975652347,22.78072591933229,1106.5860592825695,1
69.81729781726352,0.9153495967121682,18.51909523431381,1276.5627076585995,1
66.91506397106812,0.5763870904463106,27.247315752542082,1462.8308495614506,0
69.98242956415463,0.5860083294382139,23.896437870429207,1561.999796633111,0
84.15402117702074,0.7060566908063685,27.459299011763445,1488.6823022200208,0
78.28751109659684,0.5477578318053027,29.26109840591264,1743.7941579587327,0
69.70239796232961,0.44819157083585937,27.733757954884933,1109.779627192275,0
80.13267433113356,0.46073003018300435,37.26233767235372,1528.717587301032,0
75.9707754934804,0.4856797481171872,31.6337238230116,1136.404154922569,0
84.68644990532889,0.4925555526980317,31.502371798054142,1651.9424590968338,0
67.97946906122648,0.645525908727396,33.11103572021701,1481.1082571115994,0
71.72337853402232,0.5103891771614599,24.305834411096154,1583.9219944048236,0
71.07891846867842,0.6465280154431159,35.195558937101346,1327.2234078820468,0
60.364850518678814,0.4838566839782835,29.6211785673227,1755.8929863315502,0
77.96120277064576,0.5157270380632181,33.35240308620606,1708.3449328117704,0
77.6105527217989,0.10035986309357847,24.64071383479922,1616.7088606023776,0
75.05113456642461,0.6832655349404964,22.23120616991968,1474.096550627312,0
72.65412866624852,0.5692976951795985,34.08944829012514,1615.9714570590265,0
60.84629257949586,0.6996020219719304,31.882047630487584,1358.6214864025303,0
70.79354677234642,-0.0792510756387379,25.48974222821245,1671.1111318041424,0
71.57285483473231,0.9176749409561455,25.651684593626527,1829.8961788647841,1
66.9772273077838,0.47208207436896527,35.62717392207385,1714.1221119958373,0
73.3871428833399,0.7216365633475033,24.05294053566336,1354.079506038518,0
79.04050856814538,0.2920188145748938,38.21336476627982,1572.2834634546207,0
93.8618590121053,0.6225547810125139,25.496896326760655,1241.3716912482705,0
76.74577812831839,0.2893168873652687,33.191959628041914,1614.4780622351352,0
77.57550390722764,0.37524620786083895,28.356907621255075,1590.1206825725078,0
74.25554084233833,0.8828062707733573,33.01593715541171,1126.0367320935673,0
55.812287847009586,0.46186351984733065,27.279429989429037,1267.6432312175273,0
74.73486124550783,0.5434865746359445,29.18603546963853,1443.3722206512466,0
75.60230209941027,0.6740135461377509,30.204595876978605,1439.8280505718349,0
99.63242112485287,0.5991363775945209,24.989062721092637,1258.104612916239,1
73.07639035218878,0.5300837810287153,33.70412172710063,1577.7957458704368,0
78.01547342333612,0.5729922004932451,27.433932167642073,1550.2947217881024,0
74.65288230294756,0.9806831170476551,28.857000423299908,1461.146173604296,0
63.31321962380468,0.48847624059328293,25.028253126957438,1348.8416999683275,0
86.4282281451502,0.5402198093429935,17.188331706023448,1709.7414252833128,1
82.51933032686775,0.7101308792015224,29.044861186999157,1831.081422617659,0
82.91031947043047,0.7211051865915967,42.063077108064576,1403.2877032306926,0
65.9061254520526,0.7374060611120761,33.92302143949012,1377.566616569036,0
89.02794310936099,0.6277460444058369,29.903698101328025,1598.2415330823992,0
60.98148937207719,0.27139901745390327,28.68554585395866,1428.3941240506028,0
80.8685709380027,0.8266863064602192,30.11232946406023,1472.1205598673532,0
96.90455625809979,0.2707309213962624,32.73559557587605,1647.9306303449343,0
65.09463674869312,0.5605270930478067,24.095935923455777,1118.1287824985416,0
69.33702270397228,0.3491448299961284,35.57160847334436,1763.660464970534,0
75.99651365087641,0.4871723306814015,33.57690657720622,1514.5361048658683,0
69.965243458838,0.5657524820606961,33.59092862853967,1417.701371087564,0
59.493365689338674,0.5642714430900546,32.192378694048635,1482.1531691557102,0
75.68562974806028,0.584384150847057,30.09808328846995,1492.4858710041037,0
64.37696286273895,0.8227422538117295,33.3643061798341,1153.759739311015,0
79.73592430635182,0.590706860302796,32.95907066870689,1798.987645490647,0
65.80575765766197,0.45116867294187024,28.22979644529488,1508.2651264541237,0
90.4993440501754,0.6928174336576715,27.131991135515495,1588.6004260894751,0
67.16746707663764,0.7378940977849281,30.509281476309933,1690.3099541148085,0
71.77938483794324,0.25447843697260153,37.74510075747594,1295.76750848794,0
83.1351721736967,0.6194800139699717,23.804464621730496,1594.6943798070456,0
62.69135683566045,0.6402345484621796,22.662373671237802,1446.4717818202412,0
77.2745993460413,0.4404872993280016,30.823804206182583,1669.3541550432988,0
88.07142754282428,0.7751413626623239,30.25443850928009,1074.554515929701,0
58.92516765438772,0.46998888259349464,30.86670832185204,1480.1811399517462,0
76.84633858532304,0.5251152906943084,31.219765989542502,1379.4358688432076,0
77.59882794248423,0.46538563514322606,28.883988726825976,1586.4525901268312,0
82.81822871777311,0.5031158095162935,37.44931719301041,1594.0088374736404,0
62.63049289121918,0.2807449826209596,21.99548010761742,1358.4748210355947,0
61.795433869157236,0.2119898234811411,25.85751487609877,1357.5652271647914,0
80.21941565616898,0.8189010126449945,29.483726199254765,1477.8669262885342,0
77.96984673233186,0.3306077303363344,21.784055944229163,1320.6715545369584,0
77.50492850345877,0.3017215301087386,29.120727977839643,1668.3967390904254,0
78.46448209496975,0.06932197727925704,38.30735082864009,1426.1585599105108,0
68.1997527842151,0.3722076504620996,30.10443244147981,918.6023561356717,0
77.32253697161003,0.23538204131850032,31.153504528593416,1425.0355886756388,0
77.93072473298682,0.8284030320272738,23.6991761741371,1292.2912358312055,1
67.85648581973632,0.7019634178685268,26.918192959802614,1173.7448369078108,0
93.65774511144757,0.36236993096445524,28.124018098380315,1252.5146723554856,0
79.73832920911788,0.9504871610688618,28.41142451621883,1521.881694366594,0
63.08696502797351,0.6963530973983189,36.40821897501884,1765.7281656496461,0
81.5655360863383,0.4350337232982755,32.788455303625625,1562.636894772996,0
65.25318329772679,0.00011885702528535713,24.44271021531484,1378.699322356852,0
82.87084603742451,0.9581885145181483,31.232523892160025,1591.1808390341405,0
86.58595579007404,0.22208550664728077,32.491108742483924,1408.1819379562016,0
66.7931768164829,0.1709202506086216,35.700745192606334,1361.079926167371,0
84.63376129244321,0.704514086401928,37.90270343284187,1269.1274663534032,0
79.12780926936499,0.9879504812678546,24.924529040860655,1149.6342386496563,1
83.2206015999449,0.7768545637021036,25.94571244394831,1422.0152586881109,0
93.96792982653947,0.6127818240104719,23.71211070542692,1531.6106979840263,1
72.5461188399713,0.6189508683330572,28.829900704465093,1480.675265997022,0
67.4626383564251,0.6706831117560615,32.331791872231676,1416.8066144105283,0
66.10485570374476,0.6517857179573531,34.93667258294551,1310.8507878606438,0
66.84189715034562,0.5562382847938752,29.620244881787386,1621.6492383369937,0
74.22898290585896,0.5208402207903752,28.40076238372578,1236.573616010683,0
78.41151974816644,0.48748137442009554,30.758789961243703,1655.205582768695,0
77.7669079933002,0.34920708222666474,25.824285491849885,1299.556596214655,0
83.27183249036024,0.4438649846266452,40.44769360847387,1349.512952529393,0
75.13001891877907,0.1614086371609229,21.961694864409708,1206.6429618768645,0
89.53534077157317,0.48033207464105004,30.923702894478623,1399.7195706228727,0
72.35343166762044,0.30228177856981653,40.1180310961482,1695.0624916955958,0
102.20169166589619,0.2792821365568458,30.033999222799988,1603.1256176887914,0
81.25667347765007,0.5359788302306957,29.049804824992528,1695.684422405607,0
66.42842443583717,0.7784004572689198,28.212772885947864,1604.428509186787,0
64.29107501938887,0.6836633212004626,29.09804159118796,1279.2660342939262,0
79.82472415243186,0.18589987927536455,36.86424237338265,1433.8421551344886,0
72.7653721467415,0.3020743726859325,18.940690443352466,1343.9601741765075,0
82.14000494092092,0.6881542375976432,37.66716850648163,1766.114980807808,0
79.73237624573545,0.30350252129233807,22.880214237749275,1260.6422707147376,0
74.27171087343127,0.45507337000059506,28.666738353827927,1678.7395378778222,0
66.53206281931595,0.6100104198049103,27.853777898506692,1678.5907740217538,0
59.851527753141355,0.3063311090272729,32.942766348853596,1865.9240403432175,0
70.53485047932979,0.521075101229192,22.009378240581263,1418.0626814741006,0
83.56398794323472,0.2331949010163591,32.31086333040972,1642.4644319160325,0
77.14093744130204,0.3797264712097573,40.12154811643426,1956.3303673077685,0
62.542612212880115,0.5639563868285074,23.184129977035948,1376.4716646132606,0
76.73180925851182,0.18140125329366613,30.94853083805198,1192.991950493528,0
78.85317379728836,0.5880949475920798,26.690089111016956,1123.9979932184474,0
66.16142563798867,0.49607244021466373,32.12943603096518,1642.5424057722662,0
76.53725105945527,0.6104979908834296,30.09573888707876,1123.3699583882833,0
75.58208718446,0.5447828268129323,26.79256545477845,1425.5361894124155,0
63.57029702169377,0.7728280859947689,32.43936142435537,1587.462637407792,0
78.57787360348283,0.5250449005295814,39.021740548933714,1537.0351073659829,0
80.60784526368235,0.4141188917749494,29.045481041363505,1585.0889728368345,0
85.83051243175277,0.5244595006064567,33.59878971074091,1544.457971160171,0
85.53802052034902,0.6086596058072776,23.53363521064418,1755.7731626626787,1
61.22330632042909,0.5097720140651408,25.217818115909957,1309.5367238522406,0
65.62174960084877,0.5081183382407765,32.362031389401885,1364.6009723082936,0
80.1503526720866,0.3596016624386489,37.420580142679825,1345.4681109458352,0
80.1378595091221,0.36741981648981037,31.7780667439283,1666.038362372522,0
80.15047686306048,0.21947894564006126,28.434709847384227,1680.0797176790127,0
113.52731490654722,0.8499153486373878,29.99645702711677,1590.2450638637017,1
80.70890510693167,0.251227352921743,23.747961330151412,1736.6987333779855,1
86.35565640180599,0.36141896044081856,33.022576631776836,1264.391826524724,0
84.54001763493203,0.3563185468861605,34.41166531161704,1833.4448223102274,0
81.51391251305797,0.6789848753888883,27.7395483358346,1804.6477243424515,0
71.84730755359655,0.44101006434159445,27.649789261202493,1647.1243994491492,0
82.58969220493267,0.7495484145347467,31.329391148260243,1856.359781754212,0
67.27174785462428,0.36530187515122625,27.816401319797023,1168.6753584644453,0
72.63181393259991,0.5557988324447604,29.669336926870887,1395.1103727474697,0
70.14636452170896,0.33293058934804853,40.49860894583258,1352.9393078636094,0
75.81874139386322,0.9290298255546776,28.76487149627002,1644.2958647514686,0
98.14658566673509,0.2624803161940974,28.20829923989389,1289.971852079571,0
56.32734807408252,0.5619641420454055,26.762290971824203,1651.499029867497,0
81.86260190374513,0.6267553761864197,33.720959857499686,1774.1072287993427,0
58.87284128810349,0.5827598194902996,29.093879133909486,1639.0405800167998,0
70.28068134210567,0.46294246822445834,26.753134808392872,1556.7502047323003,0
85.88950596967366,0.4740358600533148,36.60652016136506,1302.4253318198503,0
75.64280019095463,0.5087622943958219,37.098015022568184,1330.6298067749271,0
64.22255222070694,0.47059959967430226,26.997882171306475,1749.9237810593334,0
67.84696290740033,0.6927758233589819,20.66730024319692,1655.8698007810665,0
81.79597748934675,0.9421046003182703,35.03756844918461,1492.196096124491,0
67.69633368282864,0.38850164299843326,26.57685087119998,1416.418090846822,0
77.16458589581976,0.22603940408418444,33.953127995813844,1094.8384253777247,0
75.45571839903813,0.48234359032974905,20.149480911440822,1285.8295162631123,0
68.48399652394183,1.0159418675308638,34.462986691496546,1882.2838174279445,1
96.43944089325325,0.3392650864060538,23.944140353596094,1243.9088857995066,1
81.33919022318011,0.8278233610888135,33.653820595332625,1537.8959642442162,0
54.74857413342393,0.8355401628152881,30.071365339182172,1701.4887946390397,1
76.86454314769428,0.3892823516584011,25.230302903016778,1249.0154663995415,0
68.38213535231613,0.6137966158370551,27.964818435366098,1536.9420949562166,0
83.52433334796224,0.8256793246257077,33.431592284783505,1687.583107502131,0
67.07479261567299,0.4241744518025026,30.52947226557617,1502.4998643814502,0
73.85263558533102,0.45928392797952766,32.92206490236242,2073.6806111333535,0
80.04987278980457,0.38366381721027126,39.88220292257743,1166.280148224361,0
83.65755194170121,0.29704865386142665,22.178791941444743,1711.7457059767758,1
62.997035929442234,0.3701444909867986,38.08606287484312,1465.439652520707,0
71.65498764159051,0.25521194664754865,30.521779687616064,1654.384030967335,0
70.25054688839043,0.5068166936518452,25.50607975838436,1588.261430339849,0
68.46670767426288,0.34600535378827163,23.348431871305053,1353.3687605780008,0
92.65454240281096,0.5467571823581495,29.054398046114834,1545.799278491868,0
79.04981710960955,0.1888208707592745,34.6082505596223,1128.4197097203426,0
62.391160456649544,0.5661760464428914,29.362254398112327,1620.6495001142787,0
84.17861947054776,0.666705792321785,37.55577465123674,1559.631693198105,0
96.22156197012633,0.10125287148570888,22.744121549742204,1627.7320337286205,1
85.32465260551147,0.5748113139695145,29.939555260769726,1711.62366501743,1
59.80630034045987,0.7455337984946584,23.738032777934404,1573.5239680419422,0
70.15765927133748,0.2580717962617589,31.81815941312484,1529.6178839596553,0
87.66911149186623,0.8345144773675407,34.4344369504865,1323.7863326677416,1
67.92330534381219,0.583803801873209,27.896191031594732,1357.5558472701898,0
79.43819428146229,0.3589976288483182,16.97893071686433,1737.3469240354661,1
82.74634053429337,0.4888461844684588,30.99474073398247,1787.2670811411958,0
65.73069528421917,0.6116653825043445,32.18369275866755,1452.3779127375892,0
74.404746439382,0.5152010782824823,32.02147377480849,1509.2005494506548,0
42.58732659930927,0.6077511984892738,36.17891095911077,1319.0771250012467,0
64.7561235866571,0.31586528138412673,24.644731601754756,1734.551369053489,1
72.4743184860684,0.5338721648072156,33.40108052725225,1633.0833647383556,0
62.52216818035151,0.21725710061900394,35.962537562389876,1888.2434872927497,0
91.32411303931636,0.4777547877302599,21.107062079967417,1324.3353845640522,1
60.69858622039367,0.31921847170704204,31.598259129594886,1424.3984201963565,0
70.59955513303017,0.3528940114820467,27.479100844961643,1546.2891845051145,0
76.30740577286092,0.7472186350420875,29.59238663449177,1629.2979075451542,0
89.41273289066116,0.7182620241188538,31.738382417691682,1456.8664724904736,0
60.6413784882056,0.6218276241814354,27.56385717943224,1325.40778190926,0
86.63163752154959,0.2815374470654842,26.62145960419194,1676.2815057847142,0
75.10233061019586,0.4367183100610396,30.170762087440124,1644.2270725091164,0
65.18491348952048,0.7426195399958366,24.563770305685985,1316.745179887255,0
79.6210347426327,0.528343382727981,24.570874355574073,1771.0885602210992,1
76.9905969557347,0.9638659079963389,33.396866414782515,1734.0397418393209,1
68.99783122841205,0.5786635678788744,24.25602982420672,1526.8592994495586,0
75.69802084990019,0.5384098232980064,33.331562504546056,1515.9195724752074,0
71.14686403138239,0.43817670715949975,32.31295646426975,1610.8115542231815,0
76.13517345251248,0.5267081809564564,21.370966356047017,1327.6593859487484,0
81.62130674521046,0.46950603272389124,26.612176738321725,1506.0062958328165,0
90.86016816145352,0.641621735337718,35.97054701523686,1069.523291078164,0
62.62184501173151,0.6913404633589169,25.09417234430159,1675.291129100587,0
96.33033374656267,0.3428021078984101,27.677978688453063,1187.7013555116282,0
55.47912200477498,0.2337534092884444,32.31030446625948,1800.6839656857999,0
73.48214904964416,0.13275892537934064,33.91695254641298,1433.97598120671,0
80.88317206484577,0.6015982653825087,28.74230556977752,1457.6666036137647,0
77.80991867735032,0.27932667876522527,27.01244902654179,1374.453218783099,0
68.77300480179406,0.0694218814095034,37.11184930849254,1442.3922252155846,0
72.91877749642725,0.5777157209061928,38.6944983189879,1783.7062690296073,0
70.06999065341168,0.9985999034865581,34.89429025390898,1002.4382686929841,0
69.10635243055789,0.49878581769202135,30.42659071282512,1755.3930772176375,0
83.49602097021025,0.6676981548903284,25.95867139179537,1567.6046962203416,0
78.57015485965047,0.516365871709513,25.847777967217173,1258.5956704285568,0
68.07090404739346,0.4802220693617715,32.61257052632879,1284.9375213901524,0
83.9959987543325,0.6838152965975537,32.091991104443416,1835.2786054416406,0
78.07299520876609,0.4419450911622697,37.007992964732146,1310.8986240114536,0
83.1286211883896,0.5534784628143806,33.25225046268069,1269.3298978808082,0
81.29628841923612,0.5643395612392027,22.48459849120091,1727.4629084729459,1
66.71004989077927,0.36638190927139025,35.25973808861459,1567.7105752571829,0
69.3981895980303,0.6984084699073045,25.009696863427934,1312.4148846927203,0
82.47293605123262,0.46500804866091827,28.08014364023824,1543.3249950809238,0
81.10370265433465,0.348850968101431,31.251001031258472,1294.8494632719446,0
74.79098406035853,0.6073019687140807,39.978337448919824,1720.164279684521,0
76.17327383308782,0.3203064036417925,45.549592780026806,1712.2741929746267,0
87.77664895788425,0.5056362314738256,33.03361529568092,1606.4012397643887,0
69.0842861116417,0.4981762006711593,29.084016906398062,1572.3322122494033,0
80.47097381170038,0.7171791131663157,32.67252824240275,1852.2376249734748,0
72.97807347566106,0.5949396465759905,34.43827712936918,1499.937265477645,0
72.82318796772779,0.4949946082509712,28.396661872214043,1263.6251749158398,0
85.9877685198719,0.6635532598400574,38.97605677956161,1589.8947825664613,0
83.2541634898803,0.7780415098034628,31.15035379595701,1917.2094099074227,0
83.13509636000639,0.6115620612703725,32.48871544545697,1297.0481013628296,0
88.05478807154329,0.5020705239686761,33.329621260272305,1427.7074466612028,0
75.21003841632759,0.2376327535299681,32.10793305307228,1583.2892076202904,0
81.81952971294965,0.28697726738492546,34.194702502348065,1489.2190301988521,0
71.89733243406543,0.43895505912906646,26.913734067265384,1303.5392839245371,0
78.24166352488442,0.3780975595681434,27.208491230269846,1724.3715712460942,0
73.69856945632316,0.4626057394029108,24.499228835141526,1964.0081444034518,1
75.96995964992718,0.5113299849794214,32.19750615310113,1539.2262918047816,0
80.95157025436913,0.6059385508713462,33.89468251756057,1319.1863420528,0
66.81779316766527,0.48590024438818175,32.28886433075943,1190.207894989305,0
95.9238727568546,0.5973003287652404,38.37246216673769,1551.5951962442361,0
64.93982618500299,0.512894882962024,29.97201990585477,1720.7754686632516,0
62.85811387212268,0.1049066867292257,33.34370827796256,1595.0335492990764,0
86.58110873500068,0.31213292123624914,24.54149561930343,1499.5192318162292,1
82.91662693962935,0.47118248885567693,28.064501487627997,1382.1456696421387,0
81.24119817052156,0.2580610514317785,33.47768878782889,1281.567273456382,0
81.2834550926428,0.619985745999241,34.24551055371572,1666.9502652649765,0
74.87753227153085,0.8061501664687395,28.530165261679088,1682.7543242771171,0
66.02745628514168,0.7437523703394633,29.642003740709665,1190.8540426618533,0
75.75804558193727,0.4573114258139584,22.410631266595953,1817.9677956361368,1
68.22838288487888,0.7981452273699905,28.214853995966955,1614.8142441788002,0
84.7511973341775,0.5297334914404224,34.45191581759893,1779.9189290291588,0
73.52942618497862,0.43258280577639213,32.876025080532834,1231.5744503029769,0
66.74502803207488,0.37731946729181204,32.503328606906045,1226.8351689169122,0
71.78614158347007,0.43950606270237436,30.2488684359048,1470.2061380465407,0
79.12931454275625,0.42236463629175425,30.03531579314088,1600.556885379039,0
69.36275447196026,0.5340832444750976,26.698394302632764,1859.2721645853926,0
66.77779604433569,0.5321147962099729,33.49414210101267,1641.2157827630263,0
77.43687211491913,0.5006092040306829,32.104864721946946,1451.4637446375934,0
77.44966571108722,0.58738763394927,32.46009423996399,1294.7261584668215,0
69.9305682462887,0.7381292549572682,27.369825786662098,1746.00011454383,0
70.28961694381677,0.6899108270882648,19.23328540064378,1307.058914849857,0
77.32049937357637,0.20302040631001927,35.485763558768475,1825.6937109544642,0
60.51915658502676,-0.010784226980390943,27.605812719957978,1443.1230700786982,0
60.92536225623445,0.6868639822478547,25.686121179784397,1818.11641452357,0
67.81555778747564,0.2266242603169158,33.46739455956997,1635.7862580118556,0
72.86552848288153,0.45504691962146326,28.03993680040435,1472.6009021115083,0
78.10907565598005,0.2659773947881281,35.29968192023311,1396.1207256347748,0
89.75356216949552,0.13960391248399606,33.08502974788349,1431.8184245307841,0
83.5765962320202,0.6082925456409576,33.417846616002386,1585.6633384750476,0
73.40061470036574,0.6518310320605294,23.170221443997328,1515.4312992435434,0
74.80983792097311,0.3846979198546561,36.059719926932004,1381.237718386259,0
64.97470635362191,-0.018208458428982,31.30625265616928,1466.8737179364734,0
74.8148686400761,0.39075111034950344,28.153614303768983,1515.7154059438299,0
72.11341361079862,0.5783608010805092,30.716942336711256,1074.2531811170375,0
78.22718560338089,0.20421768624517422,21.1188238355084,1591.6336229577398,0
66.72769056447677,0.5366719839558312,32.043264057403356,1304.0557550566386,0
80.19346514241172,0.4969380301654009,24.853142459089643,1269.333519358851,0
90.32738913002578,0.6158582999202177,23.23664857078233,1162.531130577858,1
73.91239851543142,0.5239160736828307,22.388204068910547,1141.221500426422,0
79.01711722098942,0.30538621182368886,35.563441874949625,1228.9104993775422,0
81.90143991711112,0.7393143003328982,26.853683031536058,1358.195808473902,0
70.98779528114164,0.468294085394606,37.6686385495825,1890.6518275053136,0
77.24092481810416,0.4945390920980136,27.32099268473851,1394.8240648209592,0
75.12592400781794,0.31334640818536075,21.463210212035264,1535.5500212536062,0
75.97676098548831,0.41134354976169796,24.417377800256705,1580.0962773012657,0
67.26990216144533,0.3230394571946198,36.179058100034695,1526.2130372431698,0
75.24510174258943,0.4654107880153154,29.220509110316662,1484.5113078548013,0
79.9799829124545,0.8423416960284686,27.258563517546996,1260.941247280151,0
89.51143607795042,0.22561977141372874,30.80009112926394,1790.1855096558425,1
84.59270826085206,0.17728772042465174,32.50891368083772,1861.439328727577,0
96.53182457511556,0.7942340654987217,35.5869940795123,1163.4682611754629,0
67.3265243711195,0.4581352645696268,37.24249614946463,1295.1942818227242,0
83.72320636720679,0.3661854522680167,28.20115677105457,1444.037931524599,0
76.83342005738352,0.7079809374792153,23.36976156958981,1307.0924410179618,0
96.89802933217672,0.3788768920526272,27.93267419438362,1601.193110691173,0
66.91701714644849,0.8652019427093873,31.30140253291443,1354.3455595186774,0
66.60278157819224,0.6355851742678538,25.181205368946944,1933.0112135613203,0
69.00607354555977,0.4024177183708595,25.214245425524787,1738.1097188687193,0
53.76104275690193,0.9314616426531007,31.718939407749428,1542.514806126443,0
69.74244978319238,0.3788570153993323,29.756738242147744,1705.3972526639463,0
67.40867338446301,0.6484190744018614,30.163984977057932,1721.1800848714618,0
76.50393786476208,0.5598585160812983,26.207523326499654,1387.2105023883514,0
78.4175597577716,0.7603482578797596,28.847996428971165,1336.756551091607,0
93.76170839215887,0.8123022393453705,25.378834278658477,1515.6286125939296,1
84.5042383818605,0.5064008298131534,34.450992055623935,1672.3272248995888,0
69.23096344337597,0.3493164259307633,35.17624667361876,1527.8120797306835,0
66.01585328651642,0.5919944285878233,20.76906068880953,1184.6007035618006,0
79.91919171506505,0.3644569260495788,25.35244569903795,1339.4351112098316,0
61.797667929793576,0.9026774495053247,22.517353724549604,1485.2054272811245,1
93.31458765854353,0.5273070662165474,26.74988032796551,1484.8668791348339,0
86.79440120721287,0.42693568973757823,29.582810151048196,1894.5084353579616,1
70.30824347895295,0.5369360611729816,22.75177390150735,1222.8024115202004,0
57.868654709091224,0.2305747420940607,25.390700934373434,1601.117848367175,0
88.53872374165412,0.3056771922978697,24.980213139592507,1797.8226216656578,1
73.85460154747382,0.7400827815888851,31.03633664699472,1954.2899490845593,0
87.37816311973462,0.36862114420572084,30.34672168518125,1419.1205153632077,0
59.05572341205633,0.2906178034636121,26.391312233313734,1598.28589054404,0
69.00624977046228,0.6073305505054573,30.88410436069699,1613.9520714397295,0
75.05243699718183,0.7371408309325994,27.266599577063673,1539.0963463106582,0
75.46980593764742,0.6437906621330134,28.641724448369732,1480.2309597521387,0
70.49934528520757,0.6992095371611633,38.36726045149268,1587.1950779000092,0
81.22849932347499,0.34864098228610785,36.70230525895174,993.5507829560629,0
64.32379570617405,0.21563786665163126,23.502093815362013,1636.4138980125263,0
73.57620514978707,0.8002667303910973,34.14866208939587,1525.2355807323934,0
76.20295631711899,0.4354640322315728,34.05698277245796,1455.505020644347,0
80.14438834058748,0.44983339670899053,24.25868355623691,1909.3724391439116,1
82.11614878088889,0.7656388283698117,34.0938882187743,1365.0131962418895,0
63.75357908162131,0.611246001880132,37.68965959206277,1419.3848021869937,0
59.65885829264378,0.5911775544163216,24.38727596877793,1898.3106604409468,1
87.7767682189851,0.9330004689802168,25.412485894928682,1333.5877390300286,1
78.32314011979592,0.3712963539239714,35.08830733421751,1389.9769434126922,0
67.51513463443446,0.6855680256162474,31.35747655412824,1470.59491531383,0
90.51151975522524,0.5114026249794169,32.757381376197614,1668.1468964259097,0
76.15674634292859,0.5537184557726513,31.702946082002484,1541.5605014706628,0
86.79297184063826,0.8056936852825063,31.95347960464072,1241.4749305695475,1
75.67518481410109,0.6015671512579248,23.367639358444585,1393.566287374562,0
95.60747924881987,0.6076592158099265,35.23658853310724,1378.5291133575577,0
92.55340842443204,0.7145014674619604,35.84794996213887,1484.5557909553909,0
72.51035851520926,0.42700945409142294,28.85304627965986,1585.1687317259657,0
84.71570950954356,0.3321580665321987,29.78261525093069,1583.6411511775943,0
81.45375949585147,0.2910381611957933,22.34446248722139,1144.7976491903196,0
88.68631557532349,0.10672868212479963,32.57127378008917,1712.7881975121713,1
65.35076539419896,0.9112414259880645,32.86028720857072,1550.5137691993248,0
81.8605145999844,0.27935832685566336,29.689044915003446,1776.9064095187812,0
85.58424486849587,0.4557492752828456,35.621766799352514,1588.8396654581343,0
57.41260513576886,0.4446373400222159,28.329613845100297,1720.2645915471523,0
63.16741487334225,0.5614813395618201,32.823029629468,1593.3090622900254,0
54.607678222398995,0.6631474425078594,24.901678306539424,1769.2451512405496,1
72.30593165555442,0.6720946976719491,29.88223924562881,1604.4501272035557,0
82.17542255795962,0.3833845122862123,29.12822871048582,1480.4169507114193,0
90.02357052096028,0.4665756572427177,31.12653961020471,1954.4869440893763,1
75.74094780419775,0.55651599009766,28.152365355833208,1677.8074244559784,0
91.28615545571292,0.4502617747632906,29.34263702164166,1614.7488842008827,0
61.198985417851084,0.8214691152039986,34.13023585720753,1244.7391166923328,0
57.96617560644845,0.5981949903276502,27.81617881380891,1242.3384765072924,0
74.44452301103381,0.6469755572099635,21.967114496306603,1558.5430964283707,0
78.84065448939307,0.6325762537334826,38.7479195210271,1529.104239553648,0
74.67305251905907,0.734694771497065,36.907270393452436,1377.1754869983367,0
54.325578999601234,0.5362043117407413,23.538686524471906,1528.196539922412,0
74.10879960487212,0.2406336104088307,33.44853902622597,1817.725385608719,0
61.95530499495147,0.5799375903505284,27.485126147243285,1639.0804949100598,0
81.69672548830039,0.3697286212416342,31.317436076655298,1271.7982980494523,0
78.66598246096848,0.39427666365004865,31.47112064506747,1477.6982345714111,0
65.60120213672644,0.6172728037510187,28.82796099841839,1339.0067038294878,0
69.86133082663306,0.7476566142867271,26.081171672068017,1422.4600167182878,0
64.40786478111049,0.5042543153472123,26.547294738418703,1417.2768668740714,0
74.37320902726829,0.5617666025197927,25.41904042259379,1404.470883479199,0
84.55142320501238,0.8404429889270476,25.840888958847778,1248.972925605321,0
65.14273953664457,0.5481506358977136,29.664108549753223,1474.469063696362,0
80.04046515517844,1.020336622836079,26.421200054446242,1387.878472630538,0
69.69742381627559,0.6131019291263089,33.4102603285631,914.1102619995464,0
67.07127167737656,0.14784744816883644,37.436230776679636,1910.5944049003326,0
73.92969640045442,0.6506683242209065,27.099733793149785,1717.7539308433345,0
64.64757677580626,0.5762316769765555,31.197022502676884,1424.7398550150008,0
69.46350694652818,0.7579505508165492,32.49842555151467,1503.7638099481196,0
63.021221074111516,0.6346362702539917,32.360011354596374,1265.6691305364877,0
94.6472513291639,0.47230880320324525,30.379776339580438,1839.144575562173,1
75.35263551971728,0.2551403527421269,33.71341209179861,1879.4577389546223,0
68.00274492007415,0.4581953485427949,32.41124476340329,1531.3387456493049,0
77.13979910734221,0.32989590915813993,23.81168788836351,1704.706128837069,1
73.8767195030917,0.38389531003905547,34.345780321946364,1535.0573557867847,0
72.79030400466777,0.617715680884122,34.43645418633371,1232.6549122248139,0
81.14166700043425,0.8339809008702812,26.183569479107092,1417.6353262072685,0
82.57507710047305,0.5789343059645962,30.18968917723801,1526.3855933543914,0
69.69498852389472,0.2608233875929631,33.416644964055344,1409.0904562513113,0
69.2418175935532,0.5889205336440282,28.953430902103193,1456.2693445129928,0
72.24948302848355,0.7393262973291302,35.36489023883006,1481.7200884981771,0
51.980788352644154,0.37804341913612355,41.8193624730968,1483.8243004269077,0
59.84808937801448,0.4731965666654165,26.070069836825088,1510.4516980994968,0
88.66874267444524,0.5029376389458394,23.094776984231125,1287.87898672068,1
91.44967713501283,0.343020337383552,31.51909297802438,1356.5967701744128,0
72.50963960443622,0.6296560867687718,33.60781252563072,1243.083146860006,0
80.76556963055766,0.4758103702784437,28.845668130776154,1695.5631099372401,0
78.11250154543536,0.5839064887814056,37.266303316605175,1078.8706116319352,0
105.78880808455239,0.32250156443958,23.306971001383758,1730.718068663385,1
86.19574911434577,0.4125083399353179,33.46459311515805,1777.2698794525686,1
73.72082408519233,0.6444762715655543,26.970695896205534,1439.5638826034758,0
65.44459559399574,0.42543336958164657,38.59688953103648,979.3725824345403,0
58.93553679742428,0.845392770246681,39.962576765840595,1427.7378876065418,0
77.03463635867223,0.4200727628770795,26.16671706108326,1487.163167742236,0
67.43649254715697,0.5449369451503772,27.2522143204571,1297.8803560142173,0
60.77746290402326,0.686518166374618,34.29793943489901,1396.9563212383514,0
68.53427115757474,0.21632685341339364,28.064346751052426,1806.0390397726703,0
64.18451996385605,0.1478382376038448,29.77294391033881,1632.9854324603482,0
91.87141635072564,0.19486873708598101,30.12694210271205,1315.08717712438,0
83.81639756949451,0.7525168206854365,20.40163421901172,1180.4801660809135,0
74.92027358683383,0.38962837082151064,29.930811269528814,1434.596536478046,0
89.79944138890026,1.0116398571336505,26.55136112967913,1457.3086441299124,1
75.77368307647619,0.3871504802685223,27.53438588800114,1599.2398374726633,0
66.38715798671737,0.5369102606394074,37.21816001734407,1392.9366574864682,0
90.23124077269657,0.8084219905135752,23.717465528603718,1602.2999150723722,1
80.38910043684659,0.9012185776318247,34.06602593373989,1887.0308080120458,1
64.62753845673544,0.9123007153272795,28.605185348340957,1663.1002044888526,0
73.09661321916391,0.7416732461186285,28.601199157520828,1490.3822985338454,0
66.24381746615242,0.7048125051622924,33.951859480258555,1463.3699057893411,0
61.172002690356635,0.6185053898402366,31.70025647284445,1428.6653731640258,0
84.26177547531641,0.6556722152333275,32.85306498609766,1736.128182490429,0
94.0941664047013,0.38976285673429334,34.84092330266431,1374.5373108097394,0
61.01432426180859,0.33636022331553855,28.343458084083387,1509.0445417999965,0
80.62969236690572,0.4993251085178096,26.938816327461247,1510.239580376217,0
68.49357430878173,0.4659630754950143,24.574247367211008,1399.6431614376936,0
70.12874616235304,0.40935439013454494,25.872947350105225,1225.5068904231798,0
69.07606075761132,0.6392774894913431,44.745472126543625,1564.5949007235336,0
66.36009230320184,0.6910610417141021,36.22339790368393,1487.7992056289233,0
75.48521627944827,0.5176813772583695,23.244628168959892,1600.048093887314,0
66.69049883588963,0.7955060162110523,23.38771021628215,1393.2799387121665,0
77.70456825779839,0.271662177173299,32.40933030859246,1744.1642597626096,0
74.49761890550863,0.4612681081440564,32.736323986889836,1324.645243757631,0
72.6105195313359,0.35663553587943897,32.744419176586824,1842.4080568035786,0
65.92436337958402,0.12669267658538796,28.72522103223151,1150.4726980343476,0
69.23228669431667,0.48346386283146014,29.372728699985498,1586.9540129113782,0
82.55391225825755,0.4756504983233433,31.639397620796785,1595.0861365053247,0
80.00917187624381,0.8026899486484262,30.429465031466652,1340.8885864118236,0
65.22444755201448,0.6261623369109555,18.903498136262325,1584.8787875722026,0
75.99332305429226,0.29516263513415897,28.85100184712403,1755.9037339520319,0
82.5138712337179,0.8708185132668377,25.742967828698433,1056.6362321291872,0
58.305947188786284,0.7442067391050706,30.87605709454256,1600.548961498163,0
80.43360192379934,0.6164195406937232,44.926295013017054,1001.3458359339845,0
68.37376241054153,0.45470318023003364,31.83740832737152,1306.8670392953584,0
80.70598668593159,0.308112152655304,28.43235156913801,1825.8332729801891,0
67.36740843457483,0.4255586447857894,34.60900750988626,1383.6435933215892,0
56.95117899335481,0.7177497239408372,32.41343943604606,1265.2240071182055,0
58.72457562116837,0.8769172611869218,32.100472452259204,1460.4124542030636,0
75.48084946661382,0.8086487056544378,33.034252966078355,1913.5812676327105,1
77.59722501721483,0.4022301156427452,40.28271782414771,1133.6635505587947,0
65.95683374895592,0.27607651334219774,24.34555782337042,1289.738017672131,0
81.38592458777374,0.5281772493822408,32.36816038405727,1799.4863366359252,0
58.3847993773104,0.14631212688742967,25.368094350092306,1871.5404687075466,0
74.33920201352683,0.5646335428369563,32.77756323171124,1479.3137551419431,0
62.889838002375434,0.47047948274026624,25.40656744256953,1252.1894594946716,0
68.4816389219784,0.40679269962635156,27.91316593197458,1919.1687003618317,0
75.47398671316414,0.1810593865466409,28.524550428810468,1818.8884783498393,0
66.39586634716048,0.6027200213139433,34.87908359672355,1635.7893975524466,0
71.15444455770175,0.3934598320676177,34.59227221971207,1337.519530212516,0
85.0629280921444,0.2660166328579424,23.771413117768077,1490.1941318323927,1
69.23108130476851,-0.07445244265632989,30.274670554999243,1467.9279837910337,0
83.35692112065142,0.49449701898987275,26.452100726254137,1566.1702609231156,0
63.702931453423815,0.8544503193339488,23.707475446623327,1790.2002876262673,1
80.29804177915283,0.832251842909574,28.914914747878147,1675.8834082274807,0
89.41568620657901,0.40858074868274563,28.457586057720903,1284.5247846030484,0
50.283554998727105,0.3795575879276439,42.13358243172761,1775.2992900039076,0
67.03104744529523,0.5937548512150048,32.16479912680348,1562.626428002631,0
80.7707212718054,0.3003229121623417,23.111912496228815,1637.4131591717833,0
72.96954613957007,0.5603583799638931,27.176129979145287,1793.3081718557205,0
78.71145873371309,0.6532160556769381,35.106916477146996,1277.6839500972897,0
68.9601481328418,0.7453866447768616,40.442213864349625,1492.8348842587075,0
75.865897874729,0.47996918470400946,22.070083438810208,1393.709089728157,0
73.44322764607921,0.4592652499646068,20.600378074304775,1186.4281149269088,0
86.67782061659807,0.3244034826486878,39.35482587685891,1569.341995520984,0
77.54420843301213,0.334623929192028,31.94807088685452,2002.3113103168848,0
78.37602662075201,0.45470422161969465,25.65853634061817,1131.9844510988494,0
70.88123033877532,0.5734731013632356,32.67314543061217,1493.5438777901059,0
70.12393775927507,0.6827169252466498,16.82126130491561,1628.1085870149548,0
70.6744181218038,0.339364209863931,30.016877532985806,1524.6156403312361,0
78.94452142378297,0.7985377137919043,31.639105864215427,1477.374389496852,0
70.79015519179737,0.44577527979148623,34.62135069768915,1240.156727310835,0
77.89774856896413,0.4957265411303128,24.930520238537312,1546.5573485880327,0
95.75400798645438,0.3505576641704353,30.428435807016797,1348.6472045968148,0
83.71124703431693,0.015151947945411637,25.37287686970206,1062.0156590042893,0
71.73976467832159,0.6768090792722099,31.276918778371584,1738.9184441027462,0
87.01213922163944,0.6473687794184867,25.52326838818488,1691.6771639684084,0
70.91924626978448,0.44373448857635733,27.959495804198898,1510.332195370216,0
54.61875464822146,0.5133981434449744,25.020923026048855,1545.8149376411404,0
64.91913689082595,0.6031878435408199,33.255681209118286,1714.8636025431124,0
56.29208078974145,0.18749082862269145,34.29225558328333,1544.8679313556165,0
71.48486515958692,0.39418946453074105,28.826897150212933,1680.803510952263,0
75.18418379189552,0.6588529359243654,30.191189974800142,1440.50355982523,0
91.76437312275283,0.2491421153661501,22.75704292683228,1762.3967477147894,1
78.26927373764163,0.5587115864333259,28.501616759966065,1564.1571451865368,0
72.80899471191135,0.22868363907531897,29.748976914791275,1538.8103887211748,0
83.2940558118349,0.5932859964867052,43.103965455149876,1245.9877822575936,0
52.88864690992115,0.4928717035405033,24.440164871129184,1557.3911708603418,0
77.35614558108566,0.1769736368188981,37.320886193762185,1333.6090165011099,0
82.70865193886966,0.7329478708914343,34.98429386732904,1372.3434546943013,0
60.214137542201584,0.35308168464039014,31.403182022450682,1336.9248743367757,0
86.43754043206928,0.3379495125971238,38.79310242097567,1286.753013620155,0
78.38496407494414,0.5401138394461886,31.860527363034315,1924.9542806033924,0
70.84712086099199,0.729727469885743,31.945795978339643,1766.2678123976807,0
81.32781866106285,0.29683563620432063,29.734396734912274,1884.0735004288522,0
97.70692857804396,0.5123359699695943,36.117844412093135,1255.4209960888873,0
76.81866255058495,0.5857633000661147,35.482346169054416,1514.2507499821786,0
77.48220586300336,0.6386211214526288,26.871613562518938,1241.2984749591808,0
70.40639100459757,0.535288311055445,23.40376402700616,1360.861024560587,0
66.50155630535208,0.42659443218333554,28.985096813021716,1316.3746033166851,0
83.30335816544246,0.3344819558702561,25.999807178011768,1747.9168012883124,0
66.43916174091133,0.5172287766092749,29.682377126923225,1420.754064379648,0
75.71566237219392,0.2855721976028786,36.187190673420695,1713.6758667388033,0
70.22342553234883,-0.08427009669892149,27.71349172456605,1620.8241779177035,0
79.78979825746391,0.5873119608315336,29.785883093442127,1960.7277504209578,0
78.33662105286949,0.680786968217239,30.290113674041976,1204.1111553720552,0
85.375399442579,0.027413512891632297,34.24215441102642,1751.84664795736,1
69.89983601145254,0.2980538590580125,18.765553330076976,1729.2881740801456,1
72.30125064706628,0.6238308522010396,26.966498526173517,1305.324232394593,0
65.21236284217693,0.9114990939423397,31.056418461397364,1701.426667294632,1
70.55706739923889,0.5041587415350816,36.00039478213431,1567.2289926052458,0
78.77300493044852,0.3543994117541731,27.540487762468974,1454.5047480093185,0
82.56988616645351,0.463420711779032,20.61723646979063,1335.2129026056,0
65.77834675822375,0.774975283829637,33.09855722983068,1356.1781097101627,0
83.6960592010566,0.37080716417509296,26.823188055871853,1909.9624191571852,0
88.55637858804951,0.34016159866994927,24.051666704548193,1500.1365637914964,1
79.13434903223701,0.4034512955635935,26.87827305143388,1656.4260003062918,0
93.76795812558066,0.30933427834825755,29.07737321172075,1341.8201236664893,0
67.26210800896428,0.5245340631989591,26.976276677308938,1344.0294107556722,0
62.55345296688583,0.8249356916939121,18.972169714504652,1716.3969618499884,1
57.212797510957216,0.5646158546232058,34.48533098443566,1230.0847576896936,0
89.96044311489183,0.44952929957474247,36.37437520639361,1416.9572464189457,0
81.54365656354058,0.44163774621689117,33.25760995669753,1506.8054822144463,0
74.44415329089544,0.18736183826066855,24.311571647875915,1522.2745203680106,0
77.7996862631982,0.6766219554294318,28.99254233026241,1464.1813429967688,0
63.74510952701623,0.4844325605974396,29.96739342385271,1579.1639562191847,0
99.45751979616827,0.46390401728187486,32.99397194780955,1638.5711511635623,0
76.29221181975228,1.1386215135689723,33.34170244359041,1646.9275090918659,0
76.09394794604893,0.5597505816731373,26.32913100610752,1302.8392382664347,0
82.25766623898691,0.3496417899809631,30.409977782067802,1443.1689804142407,0
79.81009231736714,0.41472848075889135,32.28640202307621,1738.9525723753875,0
77.23884024279131,0.729689141839351,37.279111610733835,1678.9294375147745,0
67.09525544554688,0.5226540821075529,33.522532699123616,1225.4281097037872,0
79.71468357135996,0.21234440433652663,33.945283436877595,1570.2959800704402,0
93.82024496475034,0.6838457869150407,30.419133139646803,1104.354950125038,0
88.45420046154977,0.36637118289220116,37.05229572601752,1509.3869804120739,0
90.93186626639397,0.8746595552435091,32.04881397979749,1879.5534033491954,1
69.88784323568815,0.7160096131429297,25.694560449132148,1310.4214565462028,0
65.1039517974142,0.41053562086824974,37.01684985062595,1333.1353909016836,0
73.74213079900352,0.7562032723470227,33.48951636269514,1652.8059563145719,0
75.55724912288694,0.5135711021054806,27.784779894357587,1191.4396969580707,0
85.94191518470949,0.6705547350244438,27.602535163003783,1373.448994022992,0
58.07535370285181,0.596946563458895,31.48287772570381,1619.2882275163506,0
90.29550319460614,0.3307286690018253,32.31592397633792,1373.1428304621195,0
73.4199210142101,0.3712900335365076,30.986461328156032,1452.8060025578056,0
70.7311893005258,0.7059921635162323,31.556543367214424,1648.837142063007,0
64.87895624739832,0.43304493357869184,38.4997868728819,1584.3092167073123,0
58.451433281342304,0.41927030735160065,35.35771576117443,1553.3636792590803,0
83.23170583961914,0.30897548413012943,30.95317795632512,1432.1755441459923,0
75.73317967188405,0.5847198131186923,34.70655290383742,1574.012223053791,0
62.10039100258946,0.912504983848629,24.837380482362303,1475.2534639800488,1
62.04921227936384,0.28649341714914545,31.989635249734043,1591.561121985157,0
71.64215300709871,0.5048438913345517,39.04653174866555,1400.6135949764043,0
91.69021525289392,0.7824441110830859,28.90977052303813,1463.4862051240918,0
72.40408648636395,0.484071721750857,25.761830356904575,1302.0084414895973,0
59.96857046881894,0.5904743592499468,26.7395555570347,1492.9984779987528,0
72.54256935914056,0.287521294370624,24.55183481328806,1337.7998272742311,0
72.2727643025233,0.5856614194415297,26.076190459361484,1277.1907099676014,0
48.03113357058429,0.46257114699909024,28.147459507049856,1551.7322295710776,0
74.45705133482188,0.6971459991359726,22.97216490410679,1542.547955171532,0
72.69065469791322,0.7374772103129502,30.078091669748016,1656.5747469897144,0
81.96206364813418,1.0179127284037228,34.51138586893324,1413.7748860849802,0
93.48956094945345,0.6159266346427151,25.4612190992654,1581.6105693673512,0
86.26565029547757,0.5651592633164333,37.59641961820884,1610.1595144547327,0
72.3111130944517,0.5388768603154672,32.55396044263797,1588.954761566319,0
63.934740912583294,0.42936674143786235,35.152902928120284,1334.8692634395716,0
100.7335980324986,0.5676967686923382,26.710827230739316,1529.8726964542377,0
75.59218434014488,0.4409197179721941,34.27262613533308,1572.8280592109322,0
75.13929291912946,0.5336921952539229,24.540330498023437,1501.4356933815884,0
74.75874912889996,0.7635195071215919,34.451237504182544,1082.7044683257832,0
76.98084760767856,0.29869148694407177,30.859196698967658,1532.097924794696,0
73.55639588076058,0.727975712225809,32.76625609992392,1942.5062078794485,0
69.26337993119763,0.7634230134679731,24.12202697187574,1427.9921462486034,0
69.53141058759608,0.4763862946017843,25.524650788616977,1354.3845804289358,0
74.67246729784002,0.07562902019828105,32.98614109126692,1574.6697119422797,0
69.56575228866235,0.37843560258111353,25.258259978878996,1562.4756420933143,0
67.87154217322836,0.7593989093122219,32.316031460495616,1738.547033083283,0
76.06430227691897,0.49542638754022356,23.16431096769877,1248.4263688182225,0
72.45022782579144,0.30013955354101785,34.240871063333344,1646.2760505149986,0
90.0399298858269,0.3990450157543565,23.837383426157455,1618.0844122502926,1
48.49030191606988,0.6681240053009107,32.76149968839761,1471.5706926118908,0
85.91506851922462,0.6093467136402759,33.12815466823,1567.737463584338,0
87.4608519249763,0.4522135801660611,26.516140907852126,1705.8914963196714,1
54.2660976759185,0.42663511763706247,32.91013283542363,1674.46307600569,0
71.57312405919652,0.42164837019123563,31.30221131666778,1271.3961375852543,0
71.28559134004209,0.31551796310029945,27.30579071903631,1664.0316373510968,0
60.924883052821784,0.8230751378938883,24.95722657961896,1487.0622789934962,1
67.22183312409125,0.435535906157732,20.186871541637103,1514.5748196031032,0
63.894241545341714,0.7434317041650993,31.748250236498468,1514.639398200339,0
92.52270443423623,0.8042632103844902,22.175986143189725,1469.951402240348,1
84.35678393147461,0.6996621796295921,30.47672099720654,1738.341499421413,0
87.71555094994159,0.4136759374563903,28.682758919588753,1483.2564080301577,0
82.21672064043236,0.5807460180673218,33.39571387719098,1276.0907743233663,0
63.70948228782771,0.49516087872181674,28.48977250255068,1421.2940288060543,0
69.75479733720226,0.3192596278539743,28.35276106826454,1535.7389433620951,0
79.89374561227918,0.5648718563443206,33.659353521441474,1745.8429568594102,0
62.778721911080545,0.26419204176803945,31.675290145420586,1620.6189369897668,0
82.12998430172388,0.7375358776923128,31.58077978591389,1329.8929442505912,0
72.59674601841866,0.4070765405403214,32.346337949042635,1997.0379833357783,0
71.25179192450402,0.5402319311745678,22.32213938396447,1552.955062195596,0
82.10959968203491,0.5566575743092285,33.78394339993491,1755.078147599803,0
79.4426331148604,0.4482190052591845,33.062343970068014,1469.6571132845543,0
71.3903383418092,0.617338760295055,24.916584357117515,1606.6718489410898,0
86.59329803364248,0.4050192686754951,28.779597631628995,1667.8937009036808,0
64.18936672400102,0.6742594594914488,29.803463561861843,1743.6389423508513,0
81.15935606944264,0.23080406395065028,29.327516077991337,1711.473661075645,0
80.93101257968384,0.5252759159092824,31.669299832842672,1674.4394000145955,0
71.9045356068601,0.887785799811657,37.15683390915592,1436.9826537611782,0
78.26133022242118,0.29993373507888504,35.40883363836414,1385.6507916087878,0
62.488864236146966,0.36445100589502966,23.43890403284297,1566.5215020648395,0
84.240270192069,0.602781569931783,33.110349951530246,1686.6256144682138,0
73.15097863557011,0.5359163563879196,36.644666597677045,1455.4558598446786,0
69.7727697948096,0.5701260198547118,31.934042603446013,1713.0343931428774,0
85.49009225836889,0.5978374260295327,35.454902125929834,1790.523349097236,1
67.9565630945724,0.6269442937123539,40.06135222850382,1316.735816185316,0
60.91538703636441,0.7219399683912446,35.11854773053491,1332.615859240744,0
59.433708264760966,0.5819637313857025,31.246542978208645,1471.9249882189326,0
81.0600995134564,0.4517484690762915,35.225442370423764,1561.5225336378394,0
62.19570647503717,0.6345147402405462,30.724439165484455,1395.08659724659,0
92.54794181984364,0.8799763869790431,30.119515216424777,1770.440535773429,1
54.18070592116278,0.4734732507234853,28.242928821431338,1584.8133723036904,0
91.96456368290038,0.3050941390658717,37.81706679416054,1507.8894096481479,0
77.11017467202619,0.7214161338573946,25.907856670289995,1212.8180952262944,0
74.03286888129608,0.47592376720928037,37.66183862339058,1236.8368367144985,0
69.5508091319105,0.06546609079719273,32.49932061870186,1556.2018500563613,0
78.9913611435207,0.6694843354300843,23.003469125990293,1073.4808747690327,0
74.62365297575151,0.39293436280921545,31.83824646495711,1702.5274819288143,0
86.03301882016521,0.48189334353916785,19.49986746174188,1468.3692311255359,1
76.1422764866204,0.5663960661138029,33.12754008415518,2148.6185939189468,0
76.50301761461877,0.5380999359558133,34.42615741494495,1961.5832501232221,0
71.36387787786144,0.6418903634278079,27.03822022173973,1463.7101861504966,0
74.43054376278933,0.41290272588603133,30.617738479777913,1478.732599493737,0
78.0780176889206,0.6026211596352166,39.77078716875143,1699.116302800406,0
57.89831607343375,0.44809066448321655,27.471266478690318,1840.6345219836076,0
61.518145778942866,0.6477620961775006,24.705462064716997,1172.3941885127965,0
82.43264094022715,0.6230734968026107,37.40831701231299,1142.7249069290626,0
76.70865438127942,0.31291225959108093,39.81293595265397,1375.5930388891238,0
73.1601666364732,0.7171964232350064,30.018478359239236,1616.5475166347728,0
75.18433933065393,0.3928073109771904,35.05731517704178,1599.3747181015194,0
78.47581705361671,0.6616115596562291,36.70737957765441,1713.95429099677,0
69.60240319690638,0.5734574626802681,26.28757883730808,1260.0604943269384,0
67.21695274597687,0.8676367353590245,27.57347082316066,1036.7712274062246,0
76.95845255097682,0.4553068035256296,36.15437256577368,1671.602839060429,0
65.21627222384969,0.4301366407763605,38.425071393542545,1334.3607454069531,0
79.08252755714472,0.49611607882245345,32.81440430087177,1096.3024271222725,0
57.9741639576216,0.4393640434331449,25.60092823248973,1529.0127491918763,0
85.29155637325644,0.65998838038841,39.935305558497205,1658.6351376437356,0
79.72597482413043,0.1767378783126824,27.345145510940178,1475.5885735757445,0
77.56029734313876,0.2892635161707292,28.32431109414274,1408.430322763502,0
84.82690983945514,0.28643941568416137,31.711689172448107,1468.1275535708187,0
91.65474444462576,0.6900615183947152,37.77080210357387,1425.8834475198435,0
85.1437006501813,0.842122674516385,34.26987988276112,1230.3905776119666,1
56.59125768668355,0.4791101562925057,32.07432750180955,1357.0638646019136,0
62.204230332642986,0.46623565536199785,32.31644265059053,1604.2559810027628,0
68.75181422304321,0.5140104326226362,30.21757334321733,1564.3357082753,0
75.26091050210833,0.732375660521638,32.790697572592535,1533.611961193364,0
80.17659020469122,0.3145293731618852,17.352199611528484,1300.970303629324,0
67.74256186846534,0.547673796546957,28.516962704651007,1463.6993675728665,0
76.86766764477078,0.695039525956486,31.206609674583905,1064.586990711429,0
67.44617067646678,0.600218833987969,24.244929581902465,1535.695332777078,0
68.88482197008052,0.5379163233197487,31.9316165890578,1785.7715415627135,0
60.93338903151778,0.7002092185134282,28.97764389506939,1205.1735735915788,0
65.76766753889096,-0.0406464585998475,38.77737849157745,1382.8144653364488,0
61.48315394383666,0.6355750639061816,37.865098626074285,1565.8213557420258,0
65.24126747022667,0.3691848633745152,27.670972154409185,1750.5685268854968,0
85.5364179660784,0.1338734206287086,29.245811442166524,1410.3550767399702,0
65.50601111168056,0.6022405199049962,29.630262171958037,1361.5499341468208,0
101.32382064837391,0.7747317090325916,27.741702619201888,1106.2153715167833,0
79.93317900880889,0.4725102970744616,30.975124920140633,1520.6876258616212,0
76.84836123694873,0.6905749094405877,26.20858965556205,1908.4152080287488,0
66.41642219818786,0.822455651597729,24.346923325312368,1555.4716923929352,1
82.00309879408991,0.7629828907168095,33.11355611950134,1495.5442041632573,0
69.24362173762226,0.8279929058742785,33.147647921109055,1564.416462153397,0
76.22009814645361,0.6484254982143784,25.978421201700037,1497.7815992102796,0
100.60084538268795,0.5150867277803186,34.476777153812996,1337.3971255479742,0
74.03940100275351,0.17960683762056628,26.842111354173344,1664.655983135541,0
86.49273326285676,0.4507875023740103,31.265826190189905,1545.1523046223508,0
67.96823574874112,0.3313506809367617,34.10172006306228,1503.5226503867314,0
74.65011509503039,0.9341885434995627,29.831937176481436,1304.92679454435,0
92.7080063563551,0.4648228375135327,32.273704560705674,1760.701586386952,1
68.73032942212232,0.5246409613568971,27.417851780562142,1632.940549066622,0
93.12448557996929,0.6102970752080935,29.017667082859514,1389.4158325265396,0
82.07751935455475,0.5087204892744908,28.970702845598296,1700.3649707363875,0
69.37533224105732,0.8390102080861506,26.267108267298806,1400.4858323229587,0
81.3240773905552,0.3754701276531096,29.11612918442109,1343.5993014977926,0
84.7255444962673,0.5389214910474486,22.256908505681267,1348.0593765039425,0
81.21809962217196,0.3515058828603903,27.544231264289476,1145.7862893823817,0
59.297752801095434,0.23599549775585882,28.575622533151645,1594.3084760836412,0
67.72862824175131,0.37764618181894294,28.7191012375231,1133.77102433233,0
72.52481364448495,0.4925926405903176,28.792512770646105,1254.3112337468474,0
74.25566570899954,0.414139555096548,29.691179000699357,1084.8823981842934,0
81.20672097550678,0.36151580402522876,32.39720759043032,1482.7860614418214,0
76.77701000933254,0.2187365072656332,34.37258537066261,1469.9359079456256,0
61.64655641289899,0.48337888547426106,26.751173865758666,1434.6607573627273,0
78.80197851005963,0.19905592519379955,23.983995723054278,1291.4844610658847,0
81.10585745283824,0.6520111927379205,24.789777938784486,1265.553249312672,0
80.5979044793104,0.5164879505869007,27.563985394025366,1592.8739727093148,0
85.80780725554622,0.2084897001070139,28.240393410917456,1389.8896136583026,0
83.33922154548904,0.4381581845900273,26.150019669012714,1563.271664307229,0
79.59180079228437,0.34956871888188334,23.519416678750527,1322.9502627751556,0
74.29834288541353,0.5638349020838361,27.71939586262906,1536.2125485542165,0
58.39039066484008,0.768090089204629,30.907133100569858,1760.6556074632126,0
79.29618219132585,0.12496550607085105,32.97514732917782,1617.2331600785567,0
77.07687687163111,0.5230052158294834,27.212884734458395,1417.517236356704,0
77.71578837195374,0.4679734408866719,27.93501088928283,1551.4397940711856,0
62.232514241796906,0.6342680152900931,25.366508455763444,1451.8669650939573,0
64.18943459591738,0.5426393256475378,29.842804148126117,1501.5760369389457,0
85.53152853332904,0.34960613365223614,25.757856829045927,1434.8777895702992,0
74.60444846143345,0.43618921286667633,32.865639066206,1467.1329588229219,0
81.81500697372624,0.3407948286393022,21.070667540329445,1542.418670614835,0
75.28318376130461,0.7152014277197196,28.20185163773769,1301.3282600836098,0
75.29756139495746,0.5042623297343884,31.50553669595871,1296.8242346020043,0
84.38283805975998,0.8802381371506015,30.91917258161252,1222.2914892337578,0
69.83955271782627,0.48786783723707583,43.46516831990248,1179.945779099258,0
75.96120776940984,0.35831864661790747,31.749000122839536,1256.543461555904,0
70.37724711294958,0.19725712147743457,24.979727015789948,1531.892501360826,0
70.65503772567685,0.13937206474881098,29.522678764554634,1321.4424969016231,0
71.90827876531361,0.183172811398902,21.11876833266774,1602.7228928462193,0
77.22133771633713,0.5534253302022967,29.597001253516197,1506.9427497505123,0
70.21251378336522,0.6017450046459868,25.834719714996208,1106.2991573123893,0
87.55756125573521,0.18376185959357327,34.57695137780081,1630.9951168443379,0
66.05392697780496,0.6790076628152231,27.252298627022327,1662.159729118342,0
73.13128355838641,0.4033877896633121,29.416170421023768,1301.2274650330294,0
70.60268941725825,0.5293586023971099,26.822210792977984,1584.0383085789983,0
89.46977884353733,0.8224441256510848,38.69425675926666,1328.7003525181601,1
76.96554776511574,0.6793678631731064,28.39378616941044,1519.534075349667,0
85.31844539468635,0.4462938704188335,39.16278521739601,1247.100318609007,0
60.14439626963028,0.32176155491694247,34.07075881059133,1141.3787094930847,0
77.67050265869258,0.06963691973413899,32.41033363667693,1423.4365620774063,0
83.89630795623437,0.35616933615151597,31.8436657365876,1475.2542107450329,0
75.82283989275425,0.4577739522344611,31.968986491081257,1420.4640612770793,0
85.65480375065351,0.3025640945697632,20.36163710327195,1263.193888355488,1
69.82711549899628,0.47374860658153906,28.60558302924622,1420.0201875737725,0
89.0934744018558,0.5153703765917537,34.225789855921604,1553.8589505161467,0
97.9889812361925,0.45502880363838427,29.75551408262947,1491.0213939754926,0
71.37161439560342,0.369999483835308,22.974050765982124,1536.5002061198427,0
70.54497478599228,0.5337309343933455,29.73797774711265,1365.9769599091535,0
89.533844771177,0.5883881299138818,38.520527581277456,1734.343582943232,1
90.79572145730712,0.28192018451143075,36.2344585776736,1264.7653326890438,0
69.77139972846732,0.7821864759492541,29.689979953169843,1597.5120594173436,0
70.79813182904142,0.4802823735431476,34.75724638529043,1736.3782185919922,0
72.18215391139493,0.5037699245889695,28.16746489815974,1596.1816185497792,0
61.555494889657226,0.6416428846513115,21.480642065866405,1459.495154587034,0
65.81348053515802,0.5466432262527003,25.377670059352226,1394.3405906674043,0
64.95859233247933,0.690627326782649,37.81444384254099,1707.2175302092512,0
67.32202434895872,0.5574248330403648,28.63003459085348,1215.4050149476654,0
74.65315112613219,0.3775125250719124,28.78308010312491,1305.9751479240713,0
77.3421473253652,0.5723007050412203,28.500809018625596,1420.4884469016556,0
90.50500492814076,0.27125475853586767,39.52068294786503,1747.5307515023997,1
65.0164595926121,0.5217119411553046,38.12979457681031,1575.9535272081791,0
84.84322398476584,0.49335400187110784,41.09390116724067,1306.390848297951,0
72.86011155774491,0.45837662854549205,29.204773947999744,1437.9384589230192,0
74.50536290347567,0.4742924977122138,31.478122443735476,1377.135371180741,0
81.74819492166604,0.12363019090047217,22.416787252896043,1358.042201553293,0
63.772779784377015,0.3902550184518077,37.38467213059137,1695.777911711356,0
78.82409746184051,0.518568980228223,24.161102243660324,1225.6513741472988,0
76.66452208213056,0.5319712783994801,31.083877818813146,1821.7561711468747,0
79.92451264008149,0.29446497181480835,24.51348736183578,1665.6459380369245,0
77.89168643907819,0.7531415681729401,27.05566586630652,1718.1723341207396,0
99.55300139910895,0.3267650303570998,25.8136878447515,1407.4120975949484,0
68.62260015748684,0.6938914401053473,26.96062369662091,1470.0118561841782,0
69.69003044998182,0.585438872374337,27.304386484255108,1213.3696370950577,0
68.76859473575236,0.37075453803123937,27.258656025374613,1395.0675185866394,0
69.44522880839746,0.8550621785219024,34.16666955890153,1598.73096952863,0
68.62612872693482,0.261272633648704,24.4756860346874,1759.2126123562794,1
86.89016531107552,0.6838308347220003,31.102707135069334,1278.5686366395096,0
89.20504247989855,0.7001164636085957,36.089795761527796,1426.898812602947,0
69.29253706250523,0.365875958184671,27.43401817743302,1469.7401559534956,0
66.67644426895771,0.7784930600128658,26.41040554626199,1220.842159561503,0
79.71415556386404,0.44999069708020945,28.847376874098746,1618.2698483516801,0
69.47776955719029,0.5577387258559714,35.89862604180355,1355.2019336514782,0
81.32931817755511,0.5520643677542442,30.97053815476679,1460.9219297645952,0
77.029230208513,0.4731382517058904,27.343928526962006,1409.6101256176244,0
59.84255885002768,0.6621616546319564,32.4193832559402,1342.132298856065,0
90.47505201330061,0.6586977441104426,24.488539250817883,1498.5910029038891,1
92.95877673095522,0.1502936053523638,33.40679755221474,1456.8780842863955,0
68.87211309515614,0.7608680485756305,32.04303653850884,1425.628423544267,0
71.12298440064016,0.1675016023928651,28.46095764430558,1354.3076756639314,0
77.85865390724905,0.7065092408683314,25.807071007763845,1563.904934156591,0
78.34456789987026,0.7253410273655166,25.566595388582712,1830.723453698457,0
81.5854427267283,0.28180671395696033,32.67408668172955,1527.9774465678254,0
95.1020453876635,0.41783714240908304,36.14490251244531,1699.2236429822258,0
73.2305277250595,0.2788590663028129,26.813461264856027,1221.9556149693076,0
67.01702755461547,0.45701579394225295,32.29193351775742,1531.552287858754,0
61.20680771985473,0.4383931431628517,19.564864906989655,1280.5263362057867,0
67.69069960058081,0.655932106453868,27.076911346714002,1204.6150144936196,0
74.66873027126204,0.7620617492239217,29.84470533564549,1352.1257185081927,0
92.94557863517788,0.7791367621579912,25.45158291509083,1738.3798668827146,1
69.82388700963828,0.38756639468433957,25.31746812605202,1690.003165733929,0
77.23787951638899,0.45815562525109443,26.661102217655568,1548.60094441088,0
74.83577103927247,0.16331236155580992,31.460963641631867,1193.4598880220137,0
86.88393273448084,0.33882598670076225,29.063354907968126,1460.7438697224127,0
100.26932425873622,0.6929703266194915,18.80884383337514,1560.3400017803472,1
69.6913122707968,0.8231165647096463,19.396499236824667,1535.1072459157197,1
70.10560557481777,0.25313022562401555,26.965674110714122,1131.2412833038509,0
85.44160877069072,0.38150714816942116,32.28843293026776,1321.9364303960256,0
81.81891489626311,0.4947188486082146,16.262475786373827,1487.1844471702566,0
93.46707325736034,0.5560322317639214,27.501349119241848,1607.258181903438,0
80.83928185325964,0.33807929601567077,27.368760717412894,1060.7744357800107,0
71.40707909212941,0.5848122088928179,36.94168889104224,1467.5752049040284,0
80.9065483069231,0.40523213058581675,28.074890941435683,1528.6097539757905,0
86.08703580582907,0.4971095458243442,31.914944923704642,1669.9223977032425,0
83.20482181197364,0.6092568496007399,30.706285700437316,1638.5715168474874,0
80.07274031107298,0.5012844539621876,19.347167600964,1616.514263761761,0
85.66674689589154,0.4127228218946863,33.841036083158684,1340.011898659613,0
86.69295590445672,0.4780780392148338,31.07698252728144,1118.3995725753384,0
88.82158991037527,0.48232740815893294,32.54134319837295,1421.38944858772,0
81.48709887589642,0.42599779402357446,49.63118853218163,1700.326365041712,0
73.32881919683146,0.4482407874665795,19.579435302507058,1778.6909055048864,1
76.46713686433323,0.8197294341009433,38.62348324880554,1642.109820459557,0
87.06508966508358,0.6121838895882478,28.56276240299822,1585.868164560347,0
66.83064329012764,0.4409039363941679,31.436644522015047,1575.927929677193,0
78.68673308872901,0.6393908809021471,29.77243877349379,1388.7762506478439,0
71.0666118767264,0.43323610204879803,27.878818333009782,1473.987941289276,0
75.28744822934817,0.7346249275173282,27.150835358806205,1833.813905165266,0
87.78451862607298,0.5739284384396188,31.647543677865045,1311.4883988416248,0
76.91099068019903,0.47853957119915425,22.414131516641604,1822.9557581419704,1
75.46436548156149,0.5895433851620555,33.752895837608826,1435.5943691015882,0
61.40143859020081,0.18582476958630012,27.91902797557373,1765.0864218190156,0
82.46253566027221,0.27464650621803893,24.34965330479821,1218.6369981004923,0
81.45484181141076,0.26121499872018894,27.74993571002093,1617.1808402329298,0
96.6325472330546,0.5285886189527413,36.28574608431286,1352.6459728104755,0
71.92221765046999,0.8465029998970184,27.323324564918885,1216.9465616151624,0
77.1915032766394,0.9462600292385265,31.7922680910481,1543.7068084821892,0
77.49383683710755,0.6276102202881515,26.34521862142263,1701.8943577191937,0
90.77453279763475,0.6001688949888914,33.789609249618096,1331.0117122813008,0
74.04704467613048,0.1397884531694522,33.42753869395102,1200.1968079083197,0
77.7902152577034,0.39146524005319566,39.24304416648206,1481.631047133009,0
81.0789650971654,0.3424432496183522,29.122180272503922,1482.512934244564,0
76.86609123156359,0.3758304803497768,33.34327402378953,1609.6639255108998,0
70.53566385449471,0.46637123628304206,30.490337697694724,1689.9189142728976,0
76.94089992898307,0.4055818844605745,36.479358909315074,1488.1169637455012,0
85.73631749859771,0.10414003792484244,26.40583806195635,1871.1006629588526,1
64.73484700588939,0.6495820512235068,33.725026564386404,1544.8469489070583,0
76.32969674146877,0.2854513948520387,29.026513519416593,1430.71469879862,0
67.99879185060827,0.5478493728222299,29.679059114457512,1177.6865281794344,0
86.95046628924842,0.9148165339499947,30.458762422241865,1447.4680959367665,1
59.76813095216225,0.3161230816827153,31.261201982133386,1432.7226109177727,0
69.41078152728412,-0.006057504549266013,29.41885478439021,1692.0609592562942,0
78.7721187506452,0.4427991556239778,31.073565915852633,1592.4967248133707,0
90.65524029234341,0.7201919269997142,37.89059028781092,1264.1261756734766,0
74.34249738927012,0.8916694908441187,34.92724842807609,1534.4508772822076,0
69.44800473306802,0.2540900811095166,34.34577296248448,1634.3062343458107,0
93.8115706944059,0.5993398446473044,27.722302369880648,1805.6062718775665,1
60.51986099583756,0.4069379086439893,25.55379585885838,1677.5007934828118,0
53.01194043379918,0.4788103291391729,34.77650279118876,1652.1693308622955,0
79.40014450053333,1.028868669403407,34.38023396264897,1512.0171989230328,0
69.97945775647389,0.1994059343209693,37.36335337875491,1577.66240108469,0
64.78767182869287,0.5507479322989147,26.98009687015385,1749.9009801412317,0
82.08356447299353,0.5935386343530866,28.852256723198266,1233.4445205040702,0
77.43800713771199,0.7171572649878695,21.802579187372828,1430.112134556609,0
69.35921369263272,0.519596630694179,28.037644469695636,1345.4862502487517,0
62.19695601329106,0.5616101079008204,34.982852552897235,1575.8306237452248,0
83.72457328280144,0.42167028651564176,27.66752310385901,1746.0444351301576,0
81.50201177958661,0.5538253882490215,33.20239897600412,1380.6051426557851,0
74.00824136220618,0.4313615449005179,29.047484470010943,1021.9391265061124,0
93.46636996047665,0.6243143779712101,31.620285141107804,1417.555850995106,0
64.29915233673847,0.4260779327912732,24.261543050921663,1682.6947464034813,0
59.74474829075261,0.5754200787804373,30.426047248169507,1607.525980589976,0
68.08091930118755,0.4941474372630043,15.044320145496384,1585.6372495621151,0
74.54413983644503,0.7252100501544336,29.065519209190075,1444.001339625104,0
77.43339449322691,0.48972125528230276,21.8476337814243,1244.1938527560428,0
72.5876394214367,0.1453935063586237,36.02997258273408,1603.0588643248934,0
78.52055396514297,0.7523843001427983,33.88703676382256,1333.1436379930751,0
62.48460575809556,0.3188535398274762,32.333354909830405,1936.8193466760913,0
89.4376460407326,0.369246732270236,37.6050311357969,1614.1014416709031,0
74.17848821607431,0.38086774119130157,25.255417395875813,1383.8703394892098,0
86.17295831588127,0.7748876186341636,38.73681598957779,1377.7229505222745,0
78.42725346377703,0.0728651572042609,34.66095782130192,1481.4111586772824,0
79.56753219153784,1.1275497067319988,28.81722356390527,1452.09961559565,0
80.69767280232205,0.7112113618132103,35.67810073591472,1723.366755105991,0
79.47708560017315,0.5446477828258319,24.46853243794183,1537.2832339488093,0
81.42722759867544,0.4890211998767427,25.87742919236163,1353.6736522182944,0
88.29152530132431,0.5571108149715314,26.9570513838015,1878.0881370311565,1
76.9652116970147,0.6042244856758676,27.355111459679925,1509.8616663040445,0
82.09003757588512,0.6290431171900114,24.717211786198735,1653.7679351937793,0
74.10264305712774,0.6111208932006897,36.11541533547663,1378.3546985110481,0
89.40117215449473,0.5179161362510498,28.70572799815084,1572.6231255489047,0
68.2360769794073,0.4605323159385348,31.762524841784398,1562.221998228639,0
93.00940432910815,0.4697453432692977,27.148243167931597,1122.0701415807694,0
74.59842049355656,0.4610183439294638,20.896983497257416,1903.055022092128,1
60.69224897881952,0.7267540193734129,31.35028679195711,1758.1288921845094,0
76.2810441491079,0.6187113444561724,20.438725122901115,1420.5609367708025,0
68.1894834252512,-0.08807772693285609,29.656829769572656,1279.546051908829,0
83.40643548988724,0.6311801553059522,23.15842480583595,1569.5123227607105,0
68.4737602069761,0.538947238943755,39.93637999615404,1517.3395398828793,0
70.5381656678522,0.4962582487108205,34.55681361087361,1571.133789712646,0
56.10459269054469,0.42229630938222285,30.528768956357403,1538.315479238818,0
70.47693680750923,0.7248225439972027,36.318533388273345,1601.2481978611852,0
50.76120673371044,0.6895052924245716,25.768420112671322,1789.4611398783613,0
59.16097176514277,0.34542446643527813,32.71739689335047,1613.6206410257291,0
82.60414656144297,0.581410457424907,30.99905216859357,1290.0689002180118,0
82.85800158650832,0.3056686530917428,31.32010040666835,1772.5125705424903,0
79.25457561784965,0.2240763670422139,36.36176750053384,1828.1229126976575,0
65.33023856870787,0.37465655508200696,33.66246051389901,2130.411346902417,0
74.5228864385802,0.6724786944765517,31.443618314125118,1275.3011933520804,0
74.96397460909432,0.6906250090752173,21.72556281885852,1548.576402630055,0
63.416353108074574,0.6026170840194586,25.199768523602682,1083.5802593622025,0
90.0339830176715,0.6450191573695995,29.38645533202138,1610.6298312758418,0
83.77362290575671,0.6032356574229917,30.466861871383255,1390.3599403666456,0
72.79035826170336,0.3717036809554095,24.34898137663038,1884.6891589649906,1
75.26885838994531,0.5863845089347881,42.058383377892106,1345.0770059962836,0
77.08382807947552,0.6600819050455364,37.58197027626787,1162.1633924065477,0
54.58265131575709,0.6508582659627149,33.01059160196242,1405.7472518594961,0
72.52822617479403,0.7377826742949286,30.360184306418724,1104.9024457565724,0
68.18015752002202,0.6416607694402128,28.93895515049424,1650.219890901462,0
64.98379990105084,0.5702896415083166,25.24040769988882,1086.983390748736,0
72.18899707114045,0.7140300476632855,30.387402592594313,1505.6915162366317,0
92.97686526849523,0.49469574815018796,31.288762700713754,1084.4376360287606,0
81.4084286126701,0.32362506975445643,23.79119712259188,1435.9404390926716,0
69.28821010217203,0.46738660721124725,31.670882086224488,1828.6756311609067,0
80.72582781356158,0.3510194710387102,29.223704755876255,1572.129578287159,0
